"Date ","series ","OPEN ","HIGH ","LOW ","PREV. CLOSE ","ltp ","close ","vwap ","52W H ","52W L ","VOLUME ","VALUE ","No of trades "
"01-Jul-2025","EQ","1,098.90","1,100.70","1,085.90","1,098.90","1,096.00","1,095.60","1,093.18","1,262.60","882.90","9,71,874","1,06,24,28,657.80","63,068"
"30-Jun-2025","EQ","1,124.00","1,126.70","1,090.60","1,124.30","1,098.00","1,098.90","1,099.04","1,262.60","882.90","18,36,286","2,01,81,43,048.30","71,404"
"27-Jun-2025","EQ","1,144.00","1,147.20","1,120.00","1,145.40","1,121.00","1,124.30","1,129.51","1,262.60","882.90","6,22,376","70,29,79,860.10","36,488"
"26-Jun-2025","EQ","1,122.00","1,150.00","1,119.10","1,126.50","1,148.70","1,145.40","1,135.96","1,262.60","882.90","22,36,678","2,54,07,70,243.30","80,197"
"25-Jun-2025","EQ","1,107.70","1,133.90","1,106.60","1,107.70","1,125.00","1,126.50","1,126.71","1,262.60","882.90","15,64,437","1,76,26,64,860.00","58,691"
"24-Jun-2025","EQ","1,112.00","1,116.90","1,104.40","1,109.40","1,110.50","1,107.70","1,109.96","1,262.60","882.90","11,34,930","1,25,97,23,646.50","47,724"
"23-Jun-2025","EQ","1,090.00","1,112.00","1,090.00","1,100.20","1,110.80","1,109.40","1,102.86","1,262.60","882.90","7,58,904","83,69,62,343.70","32,440"
"20-Jun-2025","EQ","1,088.30","1,103.00","1,082.70","1,088.30","1,090.90","1,100.20","1,096.15","1,262.60","882.90","20,84,108","2,28,44,84,613.10","63,390"
"19-Jun-2025","EQ","1,065.20","1,091.60","1,061.60","1,065.20","1,088.00","1,088.30","1,084.08","1,262.60","882.90","28,16,398","3,05,32,12,071.50","1,02,016"
"18-Jun-2025","EQ","1,066.40","1,075.80","1,059.00","1,071.60","1,063.60","1,065.20","1,066.31","1,262.60","882.90","5,45,933","58,21,36,320.30","27,269"
"17-Jun-2025","EQ","1,083.40","1,094.00","1,065.50","1,083.40","1,070.10","1,071.60","1,073.15","1,262.60","882.90","6,64,517","71,31,27,111.50","24,742"
"16-Jun-2025","EQ","1,074.00","1,085.00","1,073.60","1,078.40","1,084.00","1,083.40","1,079.86","1,262.60","882.90","4,39,929","47,50,62,127.30","25,251"
"13-Jun-2025","EQ","1,066.60","1,080.60","1,066.60","1,085.10","1,080.60","1,078.40","1,074.97","1,262.60","882.90","6,14,108","66,01,48,332.00","35,858"
"12-Jun-2025","EQ","1,108.90","1,108.90","1,080.00","1,104.30","1,081.00","1,085.10","1,089.24","1,262.60","882.90","9,41,294","1,02,52,97,807.50","55,146"
"11-Jun-2025","EQ","1,115.20","1,119.00","1,102.00","1,115.10","1,103.50","1,104.30","1,107.60","1,262.60","882.90","8,62,130","95,48,91,058.80","33,399"
"10-Jun-2025","EQ","1,121.20","1,128.60","1,112.70","1,121.20","1,115.00","1,115.10","1,118.57","1,262.60","882.90","4,60,271","51,48,47,521.90","24,438"
"09-Jun-2025","EQ","1,115.60","1,122.50","1,110.20","1,115.60","1,120.10","1,121.20","1,116.72","1,262.60","882.90","4,67,790","52,23,91,457.90","24,598"
"06-Jun-2025","EQ","1,111.90","1,123.90","1,109.40","1,111.90","1,114.80","1,115.60","1,115.93","1,262.60","882.90","5,03,186","56,15,21,103.40","23,369"
"05-Jun-2025","EQ","1,124.50","1,127.10","1,108.20","1,124.40","1,112.40","1,111.90","1,116.55","1,262.60","882.90","10,44,950","1,16,67,42,463.00","40,600"
"04-Jun-2025","EQ","1,110.00","1,125.90","1,110.00","1,114.60","1,125.90","1,124.40","1,122.61","1,262.60","882.90","6,35,699","71,36,41,805.30","39,554"
"03-Jun-2025","EQ","1,116.10","1,123.20","1,110.10","1,120.40","1,112.10","1,114.60","1,114.32","1,262.60","882.90","7,95,876","88,68,62,968.10","47,584"
"02-Jun-2025","EQ","1,100.00","1,125.00","1,099.20","1,106.30","1,116.40","1,120.40","1,117.04","1,262.60","882.90","9,07,133","1,01,33,02,216.60","39,652"
"30-May-2025","EQ","1,109.80","1,119.80","1,101.60","1,109.80","1,109.00","1,106.30","1,107.21","1,262.60","882.90","24,75,644","2,74,10,45,779.30","54,089"
"29-May-2025","EQ","1,115.70","1,118.10","1,098.20","1,121.40","1,105.60","1,109.80","1,106.62","1,262.60","882.90","25,56,089","2,82,86,27,044.60","86,014"
"28-May-2025","EQ","1,138.40","1,138.80","1,119.00","1,138.40","1,120.10","1,121.40","1,124.75","1,262.60","882.90","4,92,483","55,39,19,274.90","29,438"
"27-May-2025","EQ","1,146.60","1,149.80","1,127.20","1,146.30","1,136.50","1,138.40","1,136.09","1,262.60","882.90","9,01,912","1,02,46,50,117.90","44,470"
"26-May-2025","EQ","1,137.00","1,153.40","1,137.00","1,140.80","1,147.00","1,146.30","1,146.20","1,262.60","882.90","6,16,370","70,64,86,094.90","34,492"
"23-May-2025","EQ","1,126.50","1,152.00","1,124.00","1,126.70","1,138.70","1,140.80","1,143.51","1,262.60","882.90","8,97,235","1,02,59,95,229.10","38,513"
"22-May-2025","EQ","1,138.80","1,138.80","1,115.50","1,138.80","1,128.50","1,126.70","1,126.51","1,262.60","882.90","14,14,277","1,59,31,98,721.40","68,486"
"21-May-2025","EQ","1,128.50","1,153.50","1,123.80","1,128.50","1,139.10","1,138.80","1,141.28","1,262.60","882.90","6,19,421","70,69,32,124.10","32,250"
"20-May-2025","EQ","1,149.00","1,155.20","1,126.80","1,149.30","1,131.80","1,128.50","1,134.23","1,262.60","882.90","8,25,451","93,62,52,409.00","42,548"
"19-May-2025","EQ","1,168.00","1,169.70","1,143.00","1,168.00","1,150.00","1,149.30","1,153.81","1,262.60","882.90","7,86,128","90,70,40,588.80","54,292"
"16-May-2025","EQ","1,154.90","1,173.50","1,144.00","1,147.20","1,170.00","1,168.00","1,160.11","1,262.60","882.90","13,36,653","1,55,06,66,409.40","53,338"
"15-May-2025","EQ","1,120.40","1,159.20","1,105.50","1,120.40","1,146.00","1,147.20","1,137.25","1,262.60","882.90","20,64,096","2,34,73,90,791.80","90,774"
"14-May-2025","EQ","1,118.60","1,128.90","1,115.80","1,118.60","1,120.50","1,120.40","1,121.28","1,262.60","882.90","13,86,813","1,55,49,99,010.00","51,043"
"13-May-2025","EQ","1,145.30","1,150.30","1,116.20","1,145.60","1,120.60","1,118.60","1,125.54","1,262.60","882.90","10,96,797","1,23,44,84,496.10","50,065"
"12-May-2025","EQ","1,123.00","1,155.00","1,123.00","1,113.70","1,144.50","1,145.60","1,143.37","1,262.60","882.90","7,48,637","85,59,65,948.00","39,678"
"09-May-2025","EQ","1,098.00","1,118.60","1,086.40","1,116.00","1,111.00","1,113.70","1,105.34","1,262.60","882.90","8,15,694","90,16,20,671.60","43,786"
"08-May-2025","EQ","1,136.00","1,140.00","1,107.50","1,146.00","1,113.60","1,116.00","1,117.65","1,262.60","882.90","26,92,162","3,00,89,06,216.00","1,00,148"
"07-May-2025","EQ","1,140.00","1,162.30","1,136.40","1,155.30","1,145.50","1,146.00","1,150.86","1,262.60","882.90","17,92,683","2,06,31,22,316.30","54,089"
"06-May-2025","EQ","1,161.50","1,173.50","1,152.60","1,161.50","1,154.00","1,155.30","1,161.38","1,262.60","882.90","13,82,140","1,60,51,83,177.70","51,329"
"05-May-2025","EQ","1,155.50","1,173.60","1,153.00","1,156.80","1,163.40","1,161.50","1,163.60","1,262.60","882.90","13,59,727","1,58,21,79,656.60","65,349"
"02-May-2025","EQ","1,157.00","1,176.20","1,151.00","1,165.80","1,153.00","1,156.80","1,162.10","1,262.60","882.90","10,42,342","1,21,13,10,589.40","50,602"
"30-Apr-2025","EQ","1,174.70","1,180.50","1,152.40","1,168.90","1,160.00","1,165.80","1,166.76","1,262.60","882.90","14,77,319","1,72,36,73,530.20","64,157"
"29-Apr-2025","EQ","1,155.20","1,174.10","1,149.90","1,155.20","1,171.00","1,168.90","1,162.42","1,262.60","882.90","14,39,143","1,67,28,82,618.40","72,564"
"28-Apr-2025","EQ","1,146.10","1,162.50","1,145.00","1,155.70","1,154.00","1,155.20","1,155.44","1,262.60","882.90","6,63,435","76,65,62,209.50","45,266"
"25-Apr-2025","EQ","1,160.20","1,165.00","1,130.70","1,161.30","1,149.00","1,155.70","1,153.03","1,262.60","882.90","14,51,946","1,67,41,37,874.00","78,220"
"24-Apr-2025","EQ","1,151.00","1,168.90","1,098.30","1,150.10","1,160.90","1,161.30","1,140.39","1,262.60","882.90","57,66,752","6,57,63,35,414.70","1,93,964"
"23-Apr-2025","EQ","1,143.00","1,156.60","1,132.60","1,136.70","1,145.00","1,150.10","1,144.21","1,262.60","882.90","17,60,325","2,01,41,77,316.40","63,417"
"22-Apr-2025","EQ","1,121.70","1,149.00","1,118.20","1,121.00","1,138.60","1,136.70","1,138.39","1,262.60","882.90","12,31,830","1,40,23,08,326.60","59,611"
"21-Apr-2025","EQ","1,120.20","1,129.50","1,102.40","1,120.20","1,121.70","1,121.00","1,120.22","1,262.60","882.90","6,92,767","77,60,52,201.10","36,968"
"17-Apr-2025","EQ","1,104.00","1,133.80","1,094.50","1,105.90","1,119.00","1,120.20","1,117.53","1,262.60","882.90","15,41,674","1,72,28,61,664.30","79,947"
"16-Apr-2025","EQ","1,094.10","1,108.90","1,086.80","1,103.40","1,106.00","1,105.90","1,099.96","1,262.60","882.90","6,79,360","74,72,70,154.90","34,203"
"15-Apr-2025","EQ","1,108.30","1,111.00","1,094.10","1,097.90","1,102.70","1,103.40","1,101.89","1,262.60","882.90","10,23,355","1,12,76,20,751.60","39,828"
"11-Apr-2025","EQ","1,125.00","1,126.00","1,093.75","1,089.75","1,100.00","1,097.90","1,103.62","1,262.60","882.90","18,88,677","2,08,43,76,151.00","60,151"
"09-Apr-2025","EQ","1,062.00","1,092.95","1,060.05","1,069.75","1,087.55","1,089.75","1,084.48","1,262.60","882.90","22,74,161","2,46,62,72,310.05","84,220"
"08-Apr-2025","EQ","1,056.00","1,073.50","1,044.75","1,047.35","1,067.10","1,069.75","1,060.48","1,262.60","882.90","14,44,712","1,53,20,84,978.80","65,161"
"07-Apr-2025","EQ","1,019.00","1,077.70","1,019.00","1,087.85","1,048.00","1,047.35","1,048.84","1,262.60","882.90","32,00,820","3,35,71,51,617.20","1,33,539"
"04-Apr-2025","EQ","1,065.45","1,095.55","1,062.90","1,071.00","1,088.00","1,087.85","1,087.37","1,262.60","882.90","40,89,261","4,44,65,26,189.00","1,17,334"
"03-Apr-2025","EQ","1,049.90","1,075.25","1,048.10","1,062.70","1,068.65","1,071.00","1,068.54","1,262.60","882.90","15,95,000","1,70,43,22,075.45","56,627"
"02-Apr-2025","EQ","1,018.00","1,073.15","1,015.00","992.25","1,060.80","1,062.70","1,058.24","1,262.60","882.90","87,17,812","9,22,55,01,942.00","2,19,419"
"01-Apr-2025","EQ","1,003.00","1,014.55","989.25","1,001.90","992.40","992.25","999.17","1,262.60","882.90","10,45,548","1,04,46,80,909.70","37,298"
"28-Mar-2025","EQ","975.50","1,015.00","975.00","973.55","1,001.90","1,001.90","1,004.62","1,262.60","882.90","23,13,101","2,32,37,84,218.15","93,268"
"27-Mar-2025","EQ","963.00","980.40","952.50","959.65","977.45","973.55","971.33","1,262.60","882.90","25,85,170","2,51,10,47,793.95","69,685"
"26-Mar-2025","EQ","975.00","976.30","956.95","970.70","956.95","959.65","962.95","1,262.60","882.90","13,99,118","1,34,72,84,040.25","59,811"
"25-Mar-2025","EQ","979.00","979.90","959.00","970.45","970.00","970.70","970.33","1,262.60","882.90","15,69,597","1,52,30,22,890.50","52,311"
"24-Mar-2025","EQ","965.25","976.15","956.50","961.20","974.65","970.45","968.59","1,262.60","882.90","14,75,967","1,42,96,08,984.75","49,671"
"21-Mar-2025","EQ","968.00","972.15","956.60","965.85","964.00","961.20","964.29","1,262.60","882.90","31,55,551","3,04,28,74,241.40","67,717"
"20-Mar-2025","EQ","953.10","967.70","950.25","949.85","966.00","965.85","959.00","1,262.60","882.90","24,03,031","2,30,44,98,652.80","55,437"
"19-Mar-2025","EQ","947.50","959.85","945.25","946.85","952.00","949.85","951.16","1,262.60","882.90","16,50,477","1,56,98,75,108.75","40,877"
"18-Mar-2025","EQ","941.05","950.60","938.15","940.45","948.05","946.85","945.46","1,262.60","882.90","23,43,994","2,21,61,49,921.95","59,784"
"17-Mar-2025","EQ","946.10","956.50","934.60","946.10","941.40","940.45","942.97","1,262.60","882.90","9,93,027","93,63,95,504.15","45,745"
"13-Mar-2025","EQ","950.00","955.00","940.15","945.45","945.00","946.10","948.50","1,269.00","882.90","9,07,521","86,07,83,341.80","36,330"
"12-Mar-2025","EQ","951.65","961.75","943.35","959.85","945.15","945.45","948.05","1,269.00","882.90","16,19,168","1,53,50,53,038.30","36,847"
"11-Mar-2025","EQ","956.00","962.40","930.10","957.30","960.00","959.85","952.96","1,269.00","882.90","27,48,541","2,61,92,47,913.20","42,453"
"10-Mar-2025","EQ","960.00","969.30","953.00","962.05","956.00","957.30","962.42","1,269.00","882.90","16,60,207","1,59,78,24,425.20","41,166"
"07-Mar-2025","EQ","957.00","967.40","950.15","958.15","963.90","962.05","961.58","1,269.00","882.90","9,45,675","90,93,40,949.80","31,824"
"06-Mar-2025","EQ","964.00","965.00","943.05","956.80","953.95","958.15","953.75","1,269.00","882.90","24,21,530","2,30,95,37,981.20","90,307"
"05-Mar-2025","EQ","948.50","965.95","948.00","954.55","959.25","956.80","959.74","1,269.00","882.90","27,73,457","2,66,17,97,080.60","56,393"
"04-Mar-2025","EQ","945.10","957.85","943.15","953.90","953.10","954.55","952.54","1,269.00","882.90","19,16,433","1,82,54,77,594.00","48,825"
"03-Mar-2025","EQ","963.70","970.00","948.40","963.70","954.25","953.90","955.95","1,269.00","882.90","13,23,481","1,26,51,83,143.30","69,044"
"28-Feb-2025","EQ","995.00","1,001.50","957.35","1,008.00","966.30","963.70","969.01","1,269.00","882.90","50,82,193","4,92,46,91,453.95","90,874"
"27-Feb-2025","EQ","1,005.00","1,010.15","998.25","1,004.85","1,008.00","1,008.00","1,005.59","1,269.00","882.90","13,62,115","1,36,97,31,135.80","58,083"
"25-Feb-2025","EQ","994.00","1,010.00","993.15","1,002.40","1,004.95","1,004.85","1,005.80","1,269.00","882.90","16,63,313","1,67,29,51,937.80","41,567"
"24-Feb-2025","EQ","990.00","1,011.10","990.00","1,004.00","1,002.00","1,002.40","1,006.24","1,269.00","882.90","10,02,365","1,00,86,17,704.50","49,909"
"21-Feb-2025","EQ","1,008.00","1,013.65","991.45","1,008.90","1,002.50","1,004.00","1,003.41","1,269.00","882.90","13,30,146","1,33,46,85,450.50","45,894"
"20-Feb-2025","EQ","1,020.00","1,030.25","1,003.65","1,025.30","1,009.00","1,008.90","1,011.18","1,269.00","882.90","8,78,748","88,85,73,605.10","60,976"
"19-Feb-2025","EQ","1,024.00","1,032.85","1,021.30","1,026.95","1,024.45","1,025.30","1,026.35","1,269.00","882.90","7,82,204","80,28,12,467.45","51,187"
"18-Feb-2025","EQ","1,019.10","1,027.95","1,018.55","1,023.25","1,025.45","1,026.95","1,024.07","1,269.00","882.90","7,89,814","80,88,25,273.50","37,324"
"17-Feb-2025","EQ","1,022.00","1,027.45","1,005.05","1,022.55","1,021.70","1,023.25","1,017.33","1,269.00","882.90","9,25,113","94,11,47,730.50","52,337"
"14-Feb-2025","EQ","1,027.90","1,037.85","1,018.00","1,022.80","1,019.00","1,022.55","1,025.42","1,269.00","882.90","20,32,391","2,08,40,56,111.60","63,818"
"13-Feb-2025","EQ","1,029.75","1,037.00","1,016.85","1,029.75","1,019.90","1,022.80","1,028.43","1,269.00","882.90","11,69,309","1,20,25,48,953.35","54,802"
"12-Feb-2025","EQ","1,019.00","1,039.00","1,010.05","1,013.80","1,028.00","1,029.75","1,025.64","1,269.00","882.90","10,82,392","1,11,01,47,985.95","58,643"
"11-Feb-2025","EQ","1,029.90","1,035.45","1,009.10","1,027.50","1,014.70","1,013.80","1,023.85","1,269.00","882.90","12,04,012","1,23,27,23,646.60","56,036"
"10-Feb-2025","EQ","1,020.00","1,036.85","1,015.80","1,021.20","1,027.00","1,027.50","1,030.17","1,269.00","882.90","14,18,998","1,46,18,13,690.30","53,557"
"07-Feb-2025","EQ","1,031.90","1,031.90","1,012.55","1,023.35","1,020.70","1,021.20","1,019.48","1,269.00","882.90","9,41,811","96,01,55,210.40","42,902"
"06-Feb-2025","EQ","1,020.40","1,026.30","1,010.15","1,015.30","1,021.80","1,023.35","1,018.55","1,269.00","882.90","11,72,479","1,19,42,25,287.50","53,420"
"05-Feb-2025","EQ","1,035.10","1,035.25","1,010.55","1,034.20","1,014.95","1,015.30","1,019.57","1,269.00","882.90","16,28,436","1,66,03,09,198.50","64,271"
"04-Feb-2025","EQ","1,040.00","1,043.80","1,019.05","1,036.30","1,032.65","1,034.20","1,029.78","1,269.00","882.90","22,51,233","2,31,82,65,824.20","78,783"
"03-Feb-2025","EQ","1,067.35","1,074.45","1,033.65","1,069.85","1,037.00","1,036.30","1,049.17","1,269.00","882.90","12,98,543","1,36,23,96,155.35","88,129"
"01-Feb-2025","EQ","1,026.00","1,075.00","1,014.75","1,024.65","1,067.30","1,069.85","1,053.93","1,269.00","882.90","30,77,657","3,24,36,37,830.95","1,07,241"
"31-Jan-2025","EQ","970.00","1,031.20","967.90","966.70","1,027.00","1,024.65","1,012.45","1,269.00","882.90","50,28,986","5,09,16,08,569.00","1,54,487"
"30-Jan-2025","EQ","965.95","975.00","953.00","960.50","970.00","966.70","966.25","1,269.00","882.90","17,06,978","1,64,93,68,864.85","81,115"
"29-Jan-2025","EQ","961.25","966.65","938.00","961.25","957.40","960.50","952.47","1,269.00","882.90","14,79,070","1,40,87,74,285.35","62,420"
"28-Jan-2025","EQ","970.95","979.25","958.00","965.80","960.75","961.25","969.15","1,269.00","882.90","16,47,098","1,59,62,92,113.30","64,644"
"27-Jan-2025","EQ","989.05","998.40","960.00","992.35","966.60","965.80","977.81","1,269.00","882.90","18,06,238","1,76,61,64,287.20","68,419"
"24-Jan-2025","EQ","988.75","1,004.00","986.40","983.90","992.80","992.35","995.45","1,269.00","882.90","22,01,712","2,19,17,01,253.55","82,517"
"23-Jan-2025","EQ","967.35","993.50","961.15","967.40","983.00","983.90","984.17","1,269.00","882.90","12,35,360","1,21,58,09,253.30","74,852"
"22-Jan-2025","EQ","976.90","981.70","958.15","972.10","967.05","967.40","966.65","1,269.00","882.90","17,59,236","1,70,05,67,623.70","60,644"
"21-Jan-2025","EQ","961.05","978.00","957.90","960.30","972.00","972.10","971.85","1,269.00","882.90","22,81,022","2,21,68,00,248.45","85,378"
"20-Jan-2025","EQ","960.00","968.60","944.45","954.45","960.00","960.30","957.84","1,269.00","882.90","7,02,848","67,32,17,472.70","30,393"
"17-Jan-2025","EQ","942.00","959.35","935.35","937.70","952.40","954.45","951.51","1,269.00","882.90","6,77,451","64,46,03,090.85","38,965"
"16-Jan-2025","EQ","960.00","960.00","926.05","955.55","938.00","937.70","935.43","1,269.00","882.90","20,19,985","1,88,95,58,877.75","90,762"
"15-Jan-2025","EQ","963.15","963.15","944.60","963.15","953.00","955.55","953.19","1,269.00","882.90","31,90,709","3,04,13,40,175.90","71,047"
"14-Jan-2025","EQ","965.70","977.00","958.60","965.45","959.35","963.15","966.45","1,269.00","882.90","15,58,290","1,50,60,11,106.35","59,517"
"13-Jan-2025","EQ","945.20","969.05","945.00","972.80","965.70","965.45","965.09","1,269.00","882.90","18,76,479","1,81,09,70,478.55","59,756"
"10-Jan-2025","EQ","965.20","980.00","959.00","970.10","971.95","972.80","972.29","1,269.00","882.90","14,43,387","1,40,33,83,651.05","62,555"
"09-Jan-2025","EQ","957.45","982.80","954.50","961.60","966.55","970.10","971.84","1,269.00","882.90","21,30,681","2,07,06,82,141.80","1,01,963"
"08-Jan-2025","EQ","955.00","963.85","945.45","955.00","960.00","961.60","954.90","1,269.00","882.90","12,35,226","1,17,95,22,453.55","51,279"
"07-Jan-2025","EQ","952.00","972.00","949.75","946.90","955.00","955.00","963.65","1,269.00","882.90","24,13,582","2,32,58,46,970.75","89,350"
"06-Jan-2025","EQ","935.00","955.00","929.10","939.45","950.00","946.90","943.79","1,269.00","882.90","26,92,614","2,54,12,71,085.60","1,18,698"
"03-Jan-2025","EQ","932.70","941.90","926.00","929.65","936.00","939.45","935.99","1,269.00","882.90","18,32,664","1,71,53,56,565.50","56,179"
"02-Jan-2025","EQ","921.00","931.25","913.05","920.30","926.90","929.65","926.24","1,269.00","882.90","17,05,632","1,57,98,23,237.75","60,523"
"01-Jan-2025","EQ","913.00","922.50","911.00","914.70","920.05","920.30","919.17","1,269.00","882.90","6,41,424","58,95,76,706.00","30,549"
"31-Dec-2024","EQ","899.00","917.15","893.10","903.50","915.00","914.70","909.02","1,269.00","882.90","11,20,133","1,01,82,27,188.95","47,877"
"30-Dec-2024","EQ","907.95","912.00","898.70","907.95","902.05","903.50","904.56","1,269.00","882.90","18,30,048","1,65,53,96,422.40","64,736"
"27-Dec-2024","EQ","902.00","911.40","899.00","900.95","906.90","907.95","906.92","1,269.00","882.90","8,70,974","78,99,05,392.50","40,906"
"26-Dec-2024","EQ","908.00","911.35","898.60","907.30","900.00","900.95","903.51","1,269.00","882.90","5,95,956","53,84,52,783.95","42,475"
"24-Dec-2024","EQ","904.95","912.95","896.80","902.75","905.00","907.30","907.84","1,269.00","882.90","10,38,280","94,25,93,704.70","38,242"
"23-Dec-2024","EQ","894.95","906.00","890.00","889.45","900.40","902.75","898.31","1,269.00","882.90","10,54,695","94,74,46,171.35","54,923"
"20-Dec-2024","EQ","907.00","916.50","882.90","907.10","894.45","889.45","897.62","1,269.00","882.90","24,41,036","2,19,11,21,687.75","76,349"
"19-Dec-2024","EQ","908.00","918.00","901.10","909.35","907.00","907.10","911.10","1,269.00","900.00","25,89,001","2,35,88,39,192.10","81,315"
"18-Dec-2024","EQ","905.00","916.90","904.45","904.90","909.90","909.35","911.11","1,269.00","900.00","11,54,541","1,05,19,12,756.65","47,012"
"17-Dec-2024","EQ","920.35","922.00","900.00","920.35","903.00","904.90","907.16","1,269.00","900.00","15,97,108","1,44,88,34,958.45","83,975"
"16-Dec-2024","EQ","929.70","934.65","917.00","929.70","920.00","920.35","922.86","1,269.00","900.50","8,48,667","78,31,99,467.80","47,563"
"13-Dec-2024","EQ","919.25","931.00","907.40","921.25","929.00","929.70","921.91","1,269.00","900.50","12,78,151","1,17,83,37,636.95","66,381"
"12-Dec-2024","EQ","937.00","938.45","916.00","935.05","922.00","921.25","920.81","1,269.00","900.50","19,13,140","1,76,16,40,058.60","82,904"
"11-Dec-2024","EQ","931.40","942.95","929.40","926.75","934.60","935.05","936.71","1,269.00","900.50","13,56,603","1,27,07,48,584.80","59,234"
"10-Dec-2024","EQ","938.50","938.60","925.20","933.95","929.30","926.75","929.37","1,269.00","900.50","19,90,270","1,84,96,90,441.25","62,205"
"09-Dec-2024","EQ","974.00","974.00","931.50","974.45","934.20","933.95","938.12","1,269.00","900.50","36,79,131","3,45,14,71,956.35","1,06,541"
"06-Dec-2024","EQ","970.00","976.40","964.10","966.45","975.50","974.45","972.45","1,269.00","900.50","18,93,714","1,84,15,44,595.75","51,299"
"05-Dec-2024","EQ","965.00","970.95","946.25","961.20","965.80","966.45","962.37","1,269.00","900.50","20,43,341","1,96,64,57,693.55","1,01,787"
"04-Dec-2024","EQ","956.00","963.85","949.65","955.00","960.20","961.20","958.88","1,269.00","900.50","12,36,061","1,18,52,29,607.55","50,537"
"03-Dec-2024","EQ","958.05","959.75","948.65","957.00","955.90","955.00","953.18","1,269.00","900.50","13,46,981","1,28,39,10,998.75","93,274"
"02-Dec-2024","EQ","958.65","962.85","947.30","958.65","956.15","957.00","954.73","1,269.00","900.50","9,16,920","87,54,13,154.75","52,790"
"29-Nov-2024","EQ","941.80","964.40","941.50","941.05","958.90","958.65","958.53","1,269.00","900.50","14,82,253","1,42,07,86,905.20","63,521"
"28-Nov-2024","EQ","960.00","972.70","938.30","960.05","945.80","941.05","950.23","1,269.00","900.50","18,34,887","1,74,35,69,118.30","1,14,123"
"27-Nov-2024","EQ","964.00","965.10","952.70","963.55","961.25","960.05","958.63","1,269.00","900.50","7,86,040","75,35,18,759.10","46,046"
"26-Nov-2024","EQ","960.00","967.45","951.95","955.70","963.45","963.55","961.49","1,269.00","900.50","6,38,057","61,34,85,418.45","37,828"
"25-Nov-2024","EQ","950.00","962.75","946.60","945.20","955.60","955.70","955.62","1,269.00","900.50","24,68,847","2,35,92,78,889.20","74,102"
"22-Nov-2024","EQ","916.25","948.50","912.85","911.70","943.00","945.20","938.93","1,269.00","900.50","14,27,895","1,34,06,89,800.20","73,495"
"21-Nov-2024","EQ","917.15","922.00","900.50","917.15","913.50","911.70","911.31","1,269.00","900.50","15,50,618","1,41,30,95,429.15","90,152"
"19-Nov-2024","EQ","935.00","940.50","915.05","930.75","917.65","917.15","928.96","1,269.00","906.00","18,44,903","1,71,38,39,316.30","73,737"
"18-Nov-2024","EQ","929.80","942.50","916.00","925.00","932.00","930.75","928.46","1,269.00","906.00","21,93,819","2,03,68,80,090.10","89,800"
"14-Nov-2024","EQ","950.00","955.25","922.00","952.75","930.40","925.00","934.99","1,269.00","906.00","19,50,720","1,82,39,03,628.20","1,04,335"
"13-Nov-2024","EQ","965.00","969.95","950.00","967.55","954.00","952.75","957.41","1,269.00","906.00","9,48,691","90,82,90,874.70","60,759"
"12-Nov-2024","EQ","975.95","986.35","965.55","975.95","967.00","967.55","972.67","1,269.00","906.00","9,68,082","94,16,26,003.10","48,845"
"11-Nov-2024","EQ","993.20","997.95","973.25","992.95","976.85","975.95","985.68","1,269.00","906.00","11,08,758","1,09,28,78,146.20","58,678"
"08-Nov-2024","EQ","989.00","997.30","975.40","984.85","992.50","992.95","991.21","1,269.00","896.50","9,73,252","96,46,98,930.55","49,134"
"07-Nov-2024","EQ","1,007.50","1,010.00","983.55","1,007.05","986.30","984.85","989.71","1,269.00","896.50","11,44,864","1,13,30,84,890.80","52,630"
"06-Nov-2024","EQ","1,002.00","1,010.65","997.90","1,000.75","1,004.05","1,007.05","1,006.02","1,269.00","896.50","6,83,591","68,77,07,219.55","40,357"
"05-Nov-2024","EQ","985.10","1,013.10","985.10","994.60","999.70","1,000.75","1,003.25","1,269.00","896.50","11,63,041","1,16,68,23,460.55","52,389"
"04-Nov-2024","EQ","998.00","1,000.95","976.05","1,004.10","994.50","994.60","987.93","1,269.00","896.50","14,27,199","1,40,99,77,940.70","64,019"
"01-Nov-2024","EQ","1,002.55","1,012.00","1,000.00","1,002.55","1,004.20","1,004.10","1,005.06","1,269.00","880.20","2,12,772","21,38,48,667.10","13,224"
"31-Oct-2024","EQ","1,025.00","1,027.90","997.10","1,022.70","1,002.40","1,002.55","1,004.66","1,269.00","880.20","13,81,633","1,38,80,66,213.60","76,018"
"30-Oct-2024","EQ","991.25","1,027.00","988.15","992.05","1,022.20","1,022.70","1,018.15","1,269.00","880.20","20,48,134","2,08,53,13,025.40","80,224"
"29-Oct-2024","EQ","982.00","995.30","973.80","975.90","992.45","992.05","987.54","1,269.00","880.20","12,56,095","1,24,04,49,073.55","61,943"
"28-Oct-2024","EQ","973.05","983.35","964.00","973.05","980.40","975.90","974.41","1,269.00","880.20","23,64,081","2,30,35,88,005.40","1,22,219"
"25-Oct-2024","EQ","996.90","1,003.55","970.50","996.45","974.60","973.05","980.82","1,269.00","872.00","22,58,366","2,21,50,56,550.25","81,495"
"24-Oct-2024","EQ","1,017.95","1,022.10","994.90","1,014.55","997.60","996.45","1,003.20","1,269.00","872.00","20,14,701","2,02,11,50,585.50","1,07,497"
"23-Oct-2024","EQ","1,000.00","1,016.80","995.00","998.25","1,016.00","1,014.55","1,009.28","1,269.00","872.00","19,36,612","1,95,45,84,103.10","80,276"
"22-Oct-2024","EQ","1,023.30","1,023.85","994.50","1,017.05","999.85","998.25","1,003.77","1,269.00","872.00","27,42,491","2,75,28,39,783.35","1,27,208"
"21-Oct-2024","EQ","1,047.00","1,059.45","986.35","1,093.25","1,015.90","1,017.05","1,009.60","1,269.00","872.00","1,14,84,692","11,59,49,34,034.15","3,19,862"
"18-Oct-2024","EQ","1,090.15","1,098.15","1,072.05","1,090.15","1,097.00","1,093.25","1,085.04","1,269.00","872.00","9,53,926","1,03,50,45,484.50","50,516"
"17-Oct-2024","EQ","1,113.00","1,117.00","1,087.65","1,113.95","1,088.50","1,090.15","1,096.00","1,269.00","872.00","9,75,432","1,06,90,70,987.00","53,313"
"16-Oct-2024","EQ","1,115.20","1,120.00","1,102.10","1,115.25","1,114.75","1,113.95","1,111.21","1,269.00","872.00","7,38,403","82,05,23,642.35","43,994"
"15-Oct-2024","EQ","1,116.00","1,119.00","1,106.10","1,113.55","1,115.75","1,115.25","1,113.48","1,269.00","872.00","7,68,815","85,60,59,783.60","36,403"
"14-Oct-2024","EQ","1,120.00","1,138.00","1,105.60","1,113.10","1,115.00","1,113.55","1,113.05","1,269.00","872.00","5,13,799","57,18,82,347.50","33,927"
"11-Oct-2024","EQ","1,118.00","1,122.35","1,101.65","1,114.15","1,114.00","1,113.10","1,111.57","1,269.00","866.80","5,69,469","63,30,01,896.65","34,307"
"10-Oct-2024","EQ","1,117.80","1,129.00","1,111.40","1,117.80","1,116.35","1,114.15","1,118.10","1,269.00","866.80","11,76,370","1,31,53,03,211.15","78,107"
"09-Oct-2024","EQ","1,127.00","1,132.00","1,110.00","1,119.05","1,121.00","1,117.80","1,118.22","1,269.00","866.80","13,22,027","1,47,83,11,002.15","58,781"
"08-Oct-2024","EQ","1,111.40","1,124.40","1,105.45","1,111.40","1,123.90","1,119.05","1,114.53","1,269.00","866.80","17,38,272","1,93,73,63,566.15","81,862"
"07-Oct-2024","EQ","1,130.40","1,142.65","1,106.95","1,130.40","1,115.95","1,111.40","1,118.62","1,269.00","866.80","15,42,124","1,72,50,54,005.25","68,854"
"04-Oct-2024","EQ","1,150.00","1,154.75","1,125.20","1,152.75","1,136.30","1,130.40","1,138.71","1,269.00","855.00","17,73,781","2,01,98,20,079.90","78,875"
"03-Oct-2024","EQ","1,186.00","1,190.00","1,150.15","1,196.25","1,155.20","1,152.75","1,161.65","1,269.00","855.00","19,12,206","2,22,13,07,562.35","92,483"
"01-Oct-2024","EQ","1,196.95","1,205.45","1,191.60","1,196.95","1,195.00","1,196.25","1,197.17","1,269.00","855.00","8,92,381","1,06,83,32,277.05","58,771"
"30-Sep-2024","EQ","1,194.95","1,213.65","1,194.95","1,201.55","1,197.00","1,196.95","1,200.53","1,269.00","855.00","12,23,096","1,46,83,65,054.10","44,540"
"27-Sep-2024","EQ","1,213.95","1,215.70","1,199.00","1,213.45","1,202.00","1,201.55","1,205.26","1,269.00","855.00","21,77,204","2,62,40,90,764.55","74,731"
"26-Sep-2024","EQ","1,195.00","1,217.00","1,191.15","1,189.60","1,210.95","1,213.45","1,205.19","1,269.00","855.00","23,23,705","2,80,04,99,637.65","1,06,338"
"25-Sep-2024","EQ","1,213.90","1,216.00","1,182.05","1,211.65","1,189.00","1,189.60","1,190.36","1,269.00","855.00","24,48,744","2,91,48,98,473.65","75,670"
"24-Sep-2024","EQ","1,216.00","1,227.90","1,210.05","1,211.55","1,213.90","1,211.65","1,214.90","1,269.00","855.00","33,93,528","4,12,28,02,786.65","50,801"
"23-Sep-2024","EQ","1,222.00","1,233.65","1,210.25","1,216.85","1,212.40","1,211.55","1,217.88","1,269.00","855.00","28,18,001","3,43,19,87,172.50","74,709"
"20-Sep-2024","EQ","1,220.00","1,230.95","1,213.35","1,215.25","1,220.60","1,216.85","1,219.83","1,269.00","855.00","35,33,125","4,30,97,96,616.15","85,596"
"19-Sep-2024","EQ","1,207.00","1,225.60","1,204.05","1,200.85","1,216.00","1,215.25","1,216.49","1,269.00","855.00","27,37,652","3,33,03,22,559.95","70,782"
"18-Sep-2024","EQ","1,220.25","1,223.40","1,194.00","1,220.25","1,202.10","1,200.85","1,203.62","1,269.00","855.00","9,30,896","1,12,04,45,977.35","42,231"
"17-Sep-2024","EQ","1,223.00","1,234.30","1,212.15","1,218.50","1,218.10","1,220.25","1,221.26","1,269.00","855.00","14,50,593","1,77,15,54,540.00","39,585"
"16-Sep-2024","EQ","1,220.00","1,223.75","1,207.00","1,210.30","1,220.00","1,218.50","1,216.97","1,269.00","855.00","9,84,584","1,19,82,07,117.10","45,496"
"13-Sep-2024","EQ","1,226.00","1,227.00","1,208.05","1,222.75","1,209.90","1,210.30","1,211.85","1,269.00","854.75","15,69,211","1,90,16,42,297.60","36,277"
"12-Sep-2024","EQ","1,210.00","1,225.95","1,199.35","1,204.40","1,223.00","1,222.75","1,210.69","1,269.00","854.75","26,35,403","3,19,06,54,262.00","1,02,064"
"11-Sep-2024","EQ","1,209.90","1,219.00","1,201.25","1,204.15","1,203.35","1,204.40","1,209.29","1,269.00","854.75","18,37,013","2,22,14,78,696.75","70,635"
"10-Sep-2024","EQ","1,200.00","1,212.95","1,196.25","1,192.05","1,201.55","1,204.15","1,206.69","1,269.00","854.75","18,15,998","2,19,13,55,274.85","90,030"
"09-Sep-2024","EQ","1,173.85","1,195.95","1,169.90","1,173.85","1,190.65","1,192.05","1,189.32","1,269.00","854.75","19,69,830","2,34,27,53,531.80","92,282"
"06-Sep-2024","EQ","1,188.00","1,191.75","1,168.75","1,188.65","1,175.00","1,173.85","1,177.09","1,269.00","837.00","9,89,655","1,16,49,08,998.15","44,843"
"05-Sep-2024","EQ","1,199.50","1,206.85","1,185.65","1,194.95","1,187.40","1,188.65","1,194.21","1,269.00","837.00","10,62,421","1,26,87,49,122.75","41,443"
"04-Sep-2024","EQ","1,196.05","1,198.95","1,175.00","1,199.00","1,193.45","1,194.95","1,186.82","1,269.00","837.00","16,33,635","1,93,88,28,301.20","53,326"
"03-Sep-2024","EQ","1,209.00","1,218.35","1,196.30","1,199.70","1,197.80","1,199.00","1,207.64","1,269.00","837.00","18,84,428","2,27,57,16,669.20","56,348"
"02-Sep-2024","EQ","1,200.00","1,227.00","1,197.20","1,200.15","1,202.95","1,199.70","1,210.51","1,269.00","837.00","18,52,516","2,24,24,82,759.10","77,792"
"30-Aug-2024","EQ","1,195.00","1,207.50","1,195.00","1,198.45","1,202.50","1,200.15","1,200.20","1,269.00","828.25","25,50,399","3,06,09,89,864.70","59,289"
"29-Aug-2024","EQ","1,201.15","1,208.90","1,185.25","1,201.15","1,195.00","1,198.45","1,196.97","1,269.00","828.25","10,62,444","1,27,17,17,219.30","66,299"
"28-Aug-2024","EQ","1,210.00","1,215.35","1,196.60","1,209.60","1,197.30","1,201.15","1,205.96","1,269.00","828.25","7,79,730","94,03,22,031.45","39,755"
"27-Aug-2024","EQ","1,220.00","1,220.55","1,208.00","1,220.05","1,210.00","1,209.60","1,213.04","1,269.00","828.25","4,83,025","58,59,26,454.60","26,355"
"26-Aug-2024","EQ","1,205.00","1,221.85","1,194.05","1,196.80","1,220.00","1,220.05","1,214.51","1,269.00","828.25","10,45,317","1,26,95,47,779.20","51,598"
"23-Aug-2024","EQ","1,212.00","1,215.00","1,194.90","1,205.80","1,196.00","1,196.80","1,203.98","1,269.00","828.25","8,52,159","1,02,59,78,656.50","34,002"
"22-Aug-2024","EQ","1,184.05","1,209.85","1,181.00","1,177.55","1,206.00","1,205.80","1,201.00","1,269.00","828.25","20,41,300","2,45,15,98,939.70","75,703"
"21-Aug-2024","EQ","1,171.95","1,181.00","1,167.05","1,171.20","1,180.00","1,177.55","1,173.80","1,269.00","828.25","8,02,420","94,18,79,805.10","37,354"
"20-Aug-2024","EQ","1,182.95","1,182.95","1,166.75","1,177.40","1,171.45","1,171.20","1,171.67","1,269.00","828.25","6,73,329","78,89,16,982.45","40,642"
"19-Aug-2024","EQ","1,198.00","1,200.00","1,171.55","1,187.75","1,176.50","1,177.40","1,178.63","1,269.00","828.25","6,82,374","80,42,64,767.65","35,525"
"16-Aug-2024","EQ","1,168.00","1,190.65","1,168.00","1,167.55","1,187.15","1,187.75","1,182.59","1,269.00","828.25","8,31,846","98,37,33,782.40","46,146"
"14-Aug-2024","EQ","1,187.00","1,187.10","1,158.70","1,178.80","1,167.40","1,167.55","1,168.50","1,269.00","828.25","9,91,108","1,15,81,13,289.55","63,434"
"13-Aug-2024","EQ","1,172.70","1,182.75","1,167.60","1,170.80","1,180.85","1,178.80","1,177.56","1,269.00","828.25","7,85,371","92,48,20,661.10","43,592"
"12-Aug-2024","EQ","1,176.00","1,184.35","1,166.05","1,186.15","1,172.65","1,170.80","1,174.99","1,269.00","828.25","7,87,584","92,54,07,144.65","52,309"
"09-Aug-2024","EQ","1,188.90","1,188.90","1,180.00","1,178.30","1,183.15","1,186.15","1,185.30","1,269.00","828.25","4,89,864","58,06,36,782.05","29,354"
"08-Aug-2024","EQ","1,192.00","1,195.00","1,174.00","1,199.60","1,176.05","1,178.30","1,180.51","1,269.00","828.25","12,98,997","1,53,34,76,969.20","67,004"
"07-Aug-2024","EQ","1,182.55","1,207.75","1,182.55","1,185.60","1,200.00","1,199.60","1,199.14","1,269.00","828.25","7,59,323","91,05,38,025.45","47,616"
"06-Aug-2024","EQ","1,200.00","1,212.10","1,182.85","1,199.40","1,187.00","1,185.60","1,197.80","1,269.00","828.25","13,04,014","1,56,19,52,119.45","58,708"
"05-Aug-2024","EQ","1,176.00","1,213.60","1,151.00","1,193.65","1,202.00","1,199.40","1,200.25","1,269.00","828.25","37,18,458","4,46,30,84,900.10","1,48,915"
"02-Aug-2024","EQ","1,200.00","1,220.00","1,190.00","1,208.35","1,192.40","1,193.65","1,204.38","1,269.00","828.25","12,62,150","1,52,01,06,576.40","61,455"
"01-Aug-2024","EQ","1,188.95","1,216.00","1,188.00","1,188.95","1,210.00","1,208.35","1,205.36","1,269.00","828.25","16,75,363","2,01,94,12,646.45","71,592"